url,fuel_type,horsepower,MPG,seats,curb_weight,length,width,height,wheel_base,drivetrain,body_type
https://www.carvana.com/vehicle/3461125?refSource=srp,Gas,158,29,5,2956,179,70.9,55.7,107.7,FWD,hatchback
https://www.carvana.com/vehicle/3431916?refSource=srp,Gas,160,24,5,2987,171.7,80.5,57.8,104.3,FWD,hatchback
https://www.carvana.com/vehicle/3502914?refSource=srp,Electric,200,125,5,3680,169.5,80.6,63.6,105,FWD,hatchback
https://www.carvana.com/vehicle/3450895?refSource=srp,Electric,200,131,5,3589,163.2,80.3,63.4,102.4,FWD,hatchback
https://www.carvana.com/vehicle/3447078?refSource=srp,Gas,128,33,5,2568,161.4,67,60,99.6,FWD,hatchback
https://www.carvana.com/vehicle/3431279?refSource=srp,Hybrid,150,49,5,3230,181.1,70.2,55.9,108.3,AWD,hatchback
https://www.carvana.com/vehicle/3473305?refSource=srp,Gas,98,30,4,2312,143.1,62.8,58.4,93.9,FWD,hatchback
https://www.carvana.com/vehicle/3422914?refSource=srp,Electric,200,131,5,3624,163.2,80.3,63.4,102.4,FWD,hatchback
https://www.carvana.com/vehicle/3446154?refSource=srp,Electric,200,124,5,3715,169.5,80.6,63.6,105.3,FWD,hatchback
https://www.carvana.com/vehicle/3468080?refSource=srp,Electric,200,125,5,3680,169.5,80.6,63.6,105,FWD,hatchback
https://www.carvana.com/vehicle/3460809?refSource=srp,Gas,98,30,4,2278,143.1,62.8,58.4,93.9,FWD,hatchback
https://www.carvana.com/vehicle/3518159?refSource=srp,Electric,200,131,5,3589,163.2,80.3,63.4,102,FWD,hatchback
https://www.carvana.com/vehicle/3444870?refSource=srp,Gas,120,27,5,2536,159.7,77.8,58.1,98,FWD,hatchback
https://www.carvana.com/vehicle/3477287?refSource=srp,Electric,200,131,5,3624,163.2,80.3,63.4,102.4,FWD,hatchback
https://www.carvana.com/vehicle/3428219?refSource=srp,Hybrid,150,57,5,3097,181.1,70.2,55.9,108.3,FWD,hatchback
https://www.carvana.com/vehicle/3465170?refSource=srp,Hybrid,98,50,5,3165,176.4,68.7,58.7,106.3,FWD,hatchback
https://www.carvana.com/vehicle/3476305?refSource=srp,Gas,173,24,5,2983,169.3,70.1,57.9,104.3,FWD,hatchback
https://www.carvana.com/vehicle/3458040?refSource=srp,Gas,98,30,4,2312,143.1,62.8,58.4,93.9,FWD,hatchback
https://www.carvana.com/vehicle/3448332?refSource=srp,Hybrid,95,54,5,3050,178.7,69.3,58.1,106.3,FWD,hatchback
https://www.carvana.com/vehicle/3452642?refSource=srp,Hybrid,95,54,5,3050,178.7,69.3,58.1,106.3,FWD,hatchback
https://www.carvana.com/vehicle/3452913?refSource=srp,Hybrid,95,55,4,3375,182.9,69.3,57.9,106.3,FWD,hatchback
https://www.carvana.com/vehicle/3338445?refSource=srp,Gas,106,30,5,2335,155.5,66.7,59.4,98.8,FWD,hatchback
https://www.carvana.com/vehicle/3490597?refSource=srp,Hybrid,104,54,5,3031,176,71.7,56.9,106.3,FWD,hatchback
https://www.carvana.com/vehicle/3493199?refSource=srp,Hybrid,73,53,5,2500,157.3,66.7,56.9,100.4,FWD,hatchback
https://www.carvana.com/vehicle/3466313?refSource=srp,Gas,201,22,5,3102,170.9,70.7,57.7,104.3,FWD,hatchback
https://www.carvana.com/vehicle/3490481?refSource=srp,Gas,306,22,4,3117,179.4,73.9,56.5,106.3,FWD,hatchback
https://www.carvana.com/vehicle/3451943?refSource=srp,Electric,200,127,5,3563,164,69.5,62.8,102.4,FWD,hatchback
https://www.carvana.com/vehicle/3493169?refSource=srp,Gas,174,31,5,2955,177.9,70.8,56.5,106.3,FWD,hatchback
https://www.carvana.com/vehicle/3500606?refSource=srp,Gas,98,30,4,2278,143.1,62.8,58.4,93.9,FWD,hatchback
https://www.carvana.com/vehicle/3453117?refSource=srp,Hybrid,98,51,5,3042,176.4,68.7,58.7,106.3,FWD,hatchback
https://www.carvana.com/vehicle/3467079?refSource=srp,Flexible Fuel,160,26,5,2987,171.7,80.5,57.8,104.2,FWD,hatchback
https://www.carvana.com/vehicle/3370867?refSource=srp,Hybrid,98,51,5,3042,176.4,68.7,58.7,106.3,FWD,hatchback
https://www.carvana.com/vehicle/3422695?refSource=srp,Gas,130,33,5,2513,160,67,60,99.6,FWD,hatchback
https://www.carvana.com/vehicle/3415041?refSource=srp,Gas,130,32,5,2573,160,67,60,99.6,FWD,hatchback
https://www.carvana.com/vehicle/3411932?refSource=srp,Hybrid,98,51,5,3042,175.6,68.7,58.7,106.3,FWD,hatchback
https://www.carvana.com/vehicle/3471450?refSource=srp,Gas,128,31,5,2644,161.4,67,60,99.6,FWD,hatchback
https://www.carvana.com/vehicle/3378341?refSource=srp,Hybrid,150,52,5,3097,181.1,70.2,55.9,108.3,FWD,hatchback
https://www.carvana.com/vehicle/3509874?refSource=srp,Electric,200,131,5,3589,163.2,80.3,63.4,102.4,FWD,hatchback
https://www.carvana.com/vehicle/3400082?refSource=srp,Gas,159,26,5,3043,171.7,80.5,57.8,104.2,FWD,hatchback
https://www.carvana.com/vehicle/3468528?refSource=srp,Gas,162,24,5,2989,170.9,70.7,57.7,104.3,FWD,hatchback
https://www.carvana.com/vehicle/3530270?refSource=srp,Electric,200,128,5,3563,164,69.5,62.8,102.4,FWD,hatchback
https://www.carvana.com/vehicle/3464728?refSource=srp,Gas,174,31,5,2947,177.9,70.8,56.3,106.3,FWD,hatchback
https://www.carvana.com/vehicle/3475249?refSource=srp,Hybrid,104,57,5,2996,176,71.7,56.9,106.3,FWD,hatchback
https://www.carvana.com/vehicle/3419886?refSource=srp,Gas,174,31,5,2950,177.9,70.8,56.5,106.3,FWD,hatchback
https://www.carvana.com/vehicle/3427084?refSource=srp,Gas,173,25,5,3058,171.3,70.1,57.1,106.3,FWD,hatchback
https://www.carvana.com/vehicle/3487704?refSource=srp,Gas,98,30,4,2312,143.1,62.8,58.4,93.9,FWD,hatchback
https://www.carvana.com/vehicle/3447543?refSource=srp,Gas,98,30,4,2312,143.1,62.8,58.4,93.9,FWD,hatchback
https://www.carvana.com/vehicle/3472795?refSource=srp,Gas,98,30,4,2312,143.1,62.8,58.4,93.9,FWD,hatchback
https://www.carvana.com/vehicle/3425782?refSource=srp,Hybrid,98,51,5,3042,176.4,68.7,58.7,106.3,FWD,hatchback
https://www.carvana.com/vehicle/3485912?refSource=srp,Gas,117,28,5,2496,161.6,66.7,60,98.4,FWD,hatchback
https://www.carvana.com/vehicle/3431903?refSource=srp,Gas,174,30,5,2937,177.9,70.8,56.3,106.3,FWD,hatchback
https://www.carvana.com/vehicle/3524447?refSource=srp,Hybrid,95,54,5,3050,178.7,69.3,58.1,106.3,FWD,hatchback
https://www.carvana.com/vehicle/3474818?refSource=srp,Gas,130,32,5,2573,160,67,60,99.6,FWD,hatchback
https://www.carvana.com/vehicle/3474559?refSource=srp,Hybrid,73,53,5,2500,157.3,66.7,56.9,100.4,FWD,hatchback
https://www.carvana.com/vehicle/3444222?refSource=srp,Electric,200,127,5,3563,164,69.5,62.8,102.4,FWD,hatchback
https://www.carvana.com/vehicle/3487862?refSource=srp,Gas,277,16,8,5473,210.7,81,75.8,120.9,RWD,suv
https://www.carvana.com/vehicle/3496632?refSource=srp,Hybrid,270,20,5,5100,188.4,73.9,73.5,118.4,4WD,suv
https://www.carvana.com/vehicle/3519439?refSource=srp,Gas,187,25,5,3444,182.3,73.4,65.6,108.5,FWD,suv
https://www.carvana.com/vehicle/3494286?refSource=srp,Gas,420,16,8,6068,226.7,94,79.6,130,2WD,suv
https://www.carvana.com/vehicle/3475082?refSource=srp,Gas,144,27,5,3300,171.2,70.7,61.6,103.9,FWD,suv
https://www.carvana.com/vehicle/3461106?refSource=srp,Gas,181,27,5,3298,180.5,85.6,66.1,106.7,FWD,suv
https://www.carvana.com/vehicle/3492035?refSource=srp,Gas,185,26,5,3358,179.4,71.6,64.7,103.1,FWD,suv
https://www.carvana.com/vehicle/3480303?refSource=srp,Gas,185,25,5,3501,179.4,71.6,65.1,103.1,AWD,suv
https://www.carvana.com/vehicle/3480040?refSource=srp,Gas,178,21,5,3502,178.1,81.8,66.3,105.9,FWD,suv
https://www.carvana.com/vehicle/3461162?refSource=srp,Gas,179,23,5,3526,178.1,81.8,66.3,105.9,FWD,suv
https://www.carvana.com/vehicle/3476046?refSource=srp,Gas,184,21,5,3655,182,73.2,65.7,106.3,FWD,suv
https://www.carvana.com/vehicle/3459242?refSource=srp,Gas,184,20,5,3655,182,73.2,65.7,106.3,FWD,suv
https://www.carvana.com/vehicle/3474957?refSource=srp,Gas,176,23,5,3455,183.5,72.6,65.9,104.7,FWD,suv
https://www.carvana.com/vehicle/3480477?refSource=srp,Gas,270,17,7,4045,188.4,75.2,68.1,109.8,FWD,suv
https://www.carvana.com/vehicle/3502198?refSource=srp,Gas,176,24,5,3465,179.9,72.6,67.1,104.7,FWD,suv
https://www.carvana.com/vehicle/3470517?refSource=srp,Gas,158,22,5,3133,173.8,69.2,65.5,103.7,FWD,suv
https://www.carvana.com/vehicle/3470172?refSource=srp,Gas,240,18,5,4685,189.8,84.8,69.3,114.8,RWD,suv
https://www.carvana.com/vehicle/3475156?refSource=srp,Gas,185,22,5,3305,178.3,71.6,64.7,103.1,FWD,suv
https://www.carvana.com/vehicle/3468056?refSource=srp,Gas,178,22,5,3515,178.1,81.8,66.3,105.9,FWD,suv
https://www.carvana.com/vehicle/3448352?refSource=srp,Flexible Fuel,173,17,7,4054,192.4,83.7,66.6,113.8,FWD,suv
https://www.carvana.com/vehicle/3463062?refSource=srp,Gas,277,15,7,5824,225.7,81.1,75.7,134.1,4WD,suv
https://www.carvana.com/vehicle/3501547?refSource=srp,Gas,176,24,5,3455,181.1,72.6,67.1,104.7,FWD,suv
https://www.carvana.com/vehicle/3491698?refSource=srp,Gas,280,19,7,4107,196.5,78.6,70.6,111,FWD,suv
https://www.carvana.com/vehicle/3470183?refSource=srp,Gas,270,18,8,4310,191.1,75.8,68.1,109.8,FWD,suv
https://www.carvana.com/vehicle/3498279?refSource=srp,Gas,187,17,7,3946,188.4,75.2,68.1,109.8,FWD,suv
https://www.carvana.com/vehicle/3443342?refSource=srp,Gas,184,19,5,3941,182,73.2,66.2,106.3,4WD,suv
https://www.carvana.com/vehicle/3451472?refSource=srp,Gas,176,24,5,3610,179.9,72.6,67.1,104.7,FWD,suv
https://www.carvana.com/vehicle/3417202?refSource=srp,Flexible Fuel,280,17,7,4457,198.3,78.9,70,112.6,FWD,suv
https://www.carvana.com/vehicle/3504371?refSource=srp,Gas,175,25,5,3580,176.2,72.8,64.8,105.1,FWD,suv
https://www.carvana.com/vehicle/3443186?refSource=srp,Gas,185,22,5,3529,178.3,71.6,65.1,103.1,AWD,suv
https://www.carvana.com/vehicle/3491832?refSource=srp,Gas,290,16,7,4534,197.1,90.2,70.4,112.6,FWD,suv
https://www.carvana.com/vehicle/3439963?refSource=srp,Gas,240,18,5,4052,184.2,87.5,67,111.2,FWD,suv
https://www.carvana.com/vehicle/3475470?refSource=srp,Gas,180,21,5,3590,183.1,73.2,65.7,106.6,FWD,suv
https://www.carvana.com/vehicle/3496763?refSource=srp,Gas,280,18,8,4284,194.5,78.6,69.8,111,AWD,suv
https://www.carvana.com/vehicle/3473370?refSource=srp,Gas,375,17,7,5623,210,93.4,76.4,122.5,4WD,suv
https://www.carvana.com/vehicle/3517324?refSource=srp,Gas,375,17,8,5443,210,93.4,76.6,122.5,RWD,suv
https://www.carvana.com/vehicle/3444843?refSource=srp,Hybrid,177,36,6,4065,189.4,74.8,66.7,110.6,AWD,suv
https://www.carvana.com/vehicle/3423010?refSource=srp,Flexible Fuel,310,13,8,5844,221.3,91.8,77.7,131,RWD,suv
https://www.carvana.com/vehicle/3481711?refSource=srp,Gas,147,27,5,2899,164,70.9,61.6,102.4,FWD,suv
https://www.carvana.com/vehicle/3489174?refSource=srp,Gas,185,21,5,3832,187.4,74.4,66.3,109.4,FWD,suv
https://www.carvana.com/vehicle/3386728?refSource=srp,Gas,180,21,5,3503,179.3,71.6,66.1,103.1,4WD,suv
https://www.carvana.com/vehicle/3468208?refSource=srp,Flexible Fuel,168,21,5,3542,178.1,81.8,66.3,105.9,FWD,suv
https://www.carvana.com/vehicle/3485196?refSource=srp,Gas,375,17,8,5692,210,93.4,76.4,122,4WD,suv
https://www.carvana.com/vehicle/3471362?refSource=srp,Flexible Fuel,240,17,5,4685,189.8,84.8,69.3,114.8,RWD,suv
https://www.carvana.com/vehicle/3477830?refSource=srp,Gas,147,27,5,2899,164,70.9,61.6,102.4,FWD,suv
https://www.carvana.com/vehicle/3495759?refSource=srp,Flexible Fuel,184,21,5,3187,166.6,79.6,66.5,101.2,FWD,suv
https://www.carvana.com/vehicle/3410445?refSource=srp,Gas,250,17,8,4295,191.4,78.5,73,109.2,FWD,suv
https://www.carvana.com/vehicle/3458623?refSource=srp,Gas,185,21,5,3832,187.4,74.4,66.3,109.4,FWD,suv
https://www.carvana.com/vehicle/3492172?refSource=srp,Gas,185,26,5,3457,179.4,71.6,64.7,103.1,FWD,suv
https://www.carvana.com/vehicle/3501706?refSource=srp,Flexible Fuel,240,16,6,4534,197.1,90.2,70.4,112.6,FWD,suv
https://www.carvana.com/vehicle/3447212?refSource=srp,Gas,290,18,7,4026,193.1,74.2,66.9,110.2,FWD,suv
https://www.carvana.com/vehicle/3463215?refSource=srp,Gas,185,26,5,3501,179.4,71.6,64.7,103.1,FWD,suv
https://www.carvana.com/vehicle/3376694?refSource=srp,Gas,181,27,5,3298,180.5,85.6,66.1,106.7,FWD,suv
https://www.carvana.com/vehicle/3477999?refSource=srp,Flexible Fuel,168,21,5,3552,178.1,81.8,66.3,105.9,FWD,suv
https://www.carvana.com/vehicle/3480180?refSource=srp,Gas,280,17,7,4443,198.7,90.2,70,112.6,FWD,suv
https://www.carvana.com/vehicle/3393954?refSource=srp,Gas,190,19,5,3459,184.6,74,66.1,106.3,FWD,suv
https://www.carvana.com/vehicle/3334300?refSource=srp,Gas,190,27,5,3397,180.6,73,66.1,104.7,FWD,suv
https://www.carvana.com/vehicle/3430451?refSource=srp,Gas,280,19,5,4237,190.5,78.6,72.2,111,AWD,suv
https://www.carvana.com/vehicle/3396480?refSource=srp,Gas,184,20,5,3655,182,73.2,65.7,106.3,FWD,suv
https://www.carvana.com/vehicle/3505024?refSource=srp,Gas,187,17,7,4045,188.4,75.2,68.1,109.8,FWD,suv
https://www.carvana.com/vehicle/3465839?refSource=srp,Gas,121,30,5,2738,159.1,69.7,61.6,99.2,FWD,suv
https://www.carvana.com/vehicle/3470882?refSource=srp,Gas,170,26,5,3274,183.1,72.6,65.4,107.3,FWD,suv
https://www.carvana.com/vehicle/3343117?refSource=srp,Gas,184,21,5,3679,182,73.2,65.7,106.3,FWD,suv
https://www.carvana.com/vehicle/3430454?refSource=srp,Gas,181,22,5,3596,176.4,73,64.4,105.1,FWD,suv
https://www.carvana.com/vehicle/3418183?refSource=srp,Gas,271,20,5,4250,183,74.9,67.8,107.1,4WD,suv
https://www.carvana.com/vehicle/3480355?refSource=srp,Gas,170,24,5,3512,183.1,72.6,65.4,107.3,AWD,suv
https://www.carvana.com/vehicle/3428726?refSource=srp,Flexible Fuel,290,16,7,4385,198.3,78.9,71,112.8,4WD,suv
https://www.carvana.com/vehicle/3496142?refSource=srp,Gas,285,17,4,3760,164.3,73.7,72.5,95.4,4WD,suv
https://www.carvana.com/vehicle/3307572?refSource=srp,Gas,270,22,5,4201,188.4,73.8,73.6,118.4,4WD,suv
https://www.carvana.com/vehicle/3424082?refSource=srp,Gas,176,20,5,3197,173.2,71.7,65.2,103.9,FWD,suv
https://www.carvana.com/vehicle/3423219?refSource=srp,Gas,164,23,5,3439,176.2,72.8,64.8,105.1,FWD,suv
https://www.carvana.com/vehicle/3318814?refSource=srp,Gas,240,19,5,4303,187.4,74.4,66.5,109.4,AWD,suv
https://www.carvana.com/vehicle/3431155?refSource=srp,Gas,181,22,5,3596,176.4,73,64.4,105.1,FWD,suv
https://www.carvana.com/vehicle/3465913?refSource=srp,Gas,270,17,5,4805,190.7,75.8,71.5,109.8,4WD,suv
https://www.carvana.com/vehicle/3482694?refSource=srp,Gas,270,18,7,4354,191.1,75.8,68.1,109.8,FWD,suv
https://www.carvana.com/vehicle/3458386?refSource=srp,Gas,280,17,7,4385,198.7,90.2,70,112.6,FWD,suv
https://www.carvana.com/vehicle/3495868?refSource=srp,Gas,240,18,5,4754,189.8,84.8,69.3,114.8,RWD,suv
https://www.carvana.com/vehicle/3391420?refSource=srp,Gas,295,18,5,4625,189.8,84.8,69.3,114.7,4WD,suv
https://www.carvana.com/vehicle/3466618?refSource=srp,Gas,185,19,7,4211,189,74.4,66.3,109.4,FWD,suv
https://www.carvana.com/vehicle/3410191?refSource=srp,Gas,182,21,5,3764,187.8,72.5,66.3,112.5,FWD,suv
https://www.carvana.com/vehicle/3492459?refSource=srp,Gas,270,19,8,4310,191.1,75.8,68.1,109.8,FWD,suv
https://www.carvana.com/vehicle/3462401?refSource=srp,Gas,290,18,7,4026,193.1,74.2,66.9,110.2,FWD,suv
https://www.carvana.com/vehicle/3382860?refSource=srp,Gas,184,15,5,3953,182,73.2,66.2,106.3,4WD,suv
https://www.carvana.com/vehicle/3464272?refSource=srp,Gas,235,20,5,4085,187.8,74.4,67.1,108.9,FWD,suv
https://www.carvana.com/vehicle/3450402?refSource=srp,Gas,173,22,5,3502,178.1,81.8,66.3,105.9,FWD,suv
https://www.carvana.com/vehicle/3436445?refSource=srp,Gas,176,22,5,3610,179.9,72.6,67.1,104.7,AWD,suv
https://www.carvana.com/vehicle/3423592?refSource=srp,Gas,179,22,5,3526,178.1,81.8,66.3,105.9,FWD,suv
https://www.carvana.com/vehicle/3517404?refSource=srp,Gas,185,25,5,3479,179.4,71.6,65.1,103.1,AWD,suv
https://www.carvana.com/vehicle/3468581?refSource=srp,Gas,400,17,7,5443,210,93.4,76.6,122.5,RWD,suv
https://www.carvana.com/vehicle/3491558?refSource=srp,Gas,270,18,8,4244,191.1,75.8,68.1,109.8,FWD,suv
https://www.carvana.com/vehicle/3510285?refSource=srp,Flexible Fuel,280,17,7,4457,198.3,78.9,70,112.6,FWD,suv
https://www.carvana.com/vehicle/3473813?refSource=srp,Gas,175,24,5,3686,176.2,72.8,65,105.1,AWD,suv
https://www.carvana.com/vehicle/3490622?refSource=srp,Gas,240,18,5,4875,189.8,84.8,69.3,114.8,4WD,suv
https://www.carvana.com/vehicle/3519440?refSource=srp,Gas,176,22,5,3570,181.1,72.6,67.1,104.7,AWD,suv
https://www.carvana.com/vehicle/3466132?refSource=srp,Gas,280,17,7,4443,198.7,90.2,70,112.6,FWD,suv
https://www.carvana.com/vehicle/3363700?refSource=srp,Gas,295,19,7,4430,192.5,75.8,68.1,109.8,AWD,suv
https://www.carvana.com/vehicle/3517193?refSource=srp,Gas,355,15,7,5661,210.7,81,75.9,120.9,4WD,suv
https://www.carvana.com/vehicle/3501940?refSource=srp,Gas,185,26,5,3552,179.4,71.6,65.1,103.1,AWD,suv
https://www.carvana.com/vehicle/3377354?refSource=srp,Gas,185,26,5,3552,179.4,71.6,65.1,103.1,AWD,suv
https://www.carvana.com/vehicle/3505713?refSource=srp,Gas,170,26,5,3325,183.1,72.6,65.4,107.3,FWD,suv
https://www.carvana.com/vehicle/3458258?refSource=srp,Gas,175,23,5,3470,191.7,83.5,58.1,112.2,FWD,sedan
https://www.carvana.com/vehicle/3493962?refSource=srp,Gas,139,30,5,2955,182.3,70.1,56.5,106.3,FWD,sedan
https://www.carvana.com/vehicle/3381345?refSource=srp,Gas,185,26,5,3247,191.1,73.4,58.1,110.4,FWD,sedan
https://www.carvana.com/vehicle/3465768?refSource=srp,Gas,163,27,5,3159,194.2,73,57.3,111.4,FWD,sedan
https://www.carvana.com/vehicle/3458242?refSource=srp,Gas,163,27,5,3159,194.2,73,57.3,111.4,FWD,sedan
https://www.carvana.com/vehicle/3475550?refSource=srp,Gas,175,22,5,3427,191.7,83.5,58.1,112.2,FWD,sedan
https://www.carvana.com/vehicle/3473714?refSource=srp,Gas,158,30,5,2771,182.7,70.9,55.7,106.3,FWD,sedan
https://www.carvana.com/vehicle/3511642?refSource=srp,Gas,163,27,5,3159,194.2,73,57.3,111.4,FWD,sedan
https://www.carvana.com/vehicle/3502892?refSource=srp,Gas,163,27,5,3159,194.2,73,57.3,111.4,FWD,sedan
https://www.carvana.com/vehicle/3513422?refSource=srp,Gas,137,26,5,2480,172,66.9,57.1,101.2,FWD,sedan
https://www.carvana.com/vehicle/3501308?refSource=srp,Gas,163,27,5,3103,193.8,73,57.6,111.4,FWD,sedan
https://www.carvana.com/vehicle/3467887?refSource=srp,Gas,175,23,5,3427,191.7,83.5,58.1,112.2,FWD,sedan
https://www.carvana.com/vehicle/3524079?refSource=srp,Gas,163,27,5,3159,194.2,73,57.3,111.4,FWD,sedan
https://www.carvana.com/vehicle/3516811?refSource=srp,Gas,163,27,5,3159,194.2,73,57.3,111.4,FWD,sedan
https://www.carvana.com/vehicle/3473296?refSource=srp,Gas,147,28,5,2976,179.9,70.9,56.5,106.3,FWD,sedan
https://www.carvana.com/vehicle/3475491?refSource=srp,Gas,147,29,5,2707,182.7,70.9,56.5,106.3,FWD,sedan
https://www.carvana.com/vehicle/3499367?refSource=srp,Hybrid,141,43,5,3668,191.8,83.5,58,112.2,FWD,sedan
https://www.carvana.com/vehicle/3439276?refSource=srp,Gas,163,27,5,3159,194.2,73,57.3,111.4,FWD,sedan
https://www.carvana.com/vehicle/3526213?refSource=srp,Gas,175,21,5,3472,191.8,83.5,58.2,112.2,FWD,sedan
https://www.carvana.com/vehicle/3400166?refSource=srp,Gas,123,24,5,2974,178.7,80.5,57.8,104.3,FWD,sedan
https://www.carvana.com/vehicle/3431984?refSource=srp,Gas,305,19,5,3811,201.3,84.3,58.9,111.7,FWD,sedan
https://www.carvana.com/vehicle/3438185?refSource=srp,Hybrid,141,43,5,3668,191.8,83.5,58,112.2,FWD,sedan
https://www.carvana.com/vehicle/3433736?refSource=srp,Gas,158,31,5,2795,182.3,70.8,55.7,106.3,FWD,sedan
https://www.carvana.com/vehicle/3480111?refSource=srp,Gas,147,30,5,2707,182.7,70.9,56.5,106.3,FWD,sedan
https://www.carvana.com/vehicle/3407093?refSource=srp,Gas,189,27,5,3192,191.4,72.8,57.7,109.3,FWD,sedan
https://www.carvana.com/vehicle/3513215?refSource=srp,Gas,163,27,5,3159,194.2,73,57.3,111.4,FWD,sedan
https://www.carvana.com/vehicle/3516026?refSource=srp,Gas,292,19,5,3940,198.4,82.7,57.8,120,RWD,sedan
https://www.carvana.com/vehicle/3480663?refSource=srp,Gas,370,16,5,4270,200.8,75,58.2,120.2,RWD,sedan
https://www.carvana.com/vehicle/3514203?refSource=srp,Gas,311,18,5,4138,196.5,74.4,58.3,118.5,RWD,sedan
https://www.carvana.com/vehicle/3351986?refSource=srp,Gas,158,31,5,2742,182.3,70.8,55.7,106.3,FWD,sedan
https://www.carvana.com/vehicle/3475072?refSource=srp,Gas,174,31,5,2899,182.3,70.8,55.7,106.3,FWD,sedan
https://www.carvana.com/vehicle/3489463?refSource=srp,Gas,292,19,5,3940,198.4,82.7,57.8,120,RWD,sedan
https://www.carvana.com/vehicle/3509585?refSource=srp,Gas,185,24,5,3466,191.1,73.4,58.1,110.4,FWD,sedan
https://www.carvana.com/vehicle/3470316?refSource=srp,Gas,192,29,5,3230,196.1,73.3,57.1,111.4,FWD,sedan
https://www.carvana.com/vehicle/3485245?refSource=srp,Gas,292,19,5,3940,198.4,82.7,57.8,120,RWD,sedan
https://www.carvana.com/vehicle/3374960?refSource=srp,Gas,147,30,5,2844,181.9,70.9,56.5,106.3,FWD,sedan
https://www.carvana.com/vehicle/3459006?refSource=srp,Gas,292,19,5,3940,198.4,82.7,57.8,120,RWD,sedan
https://www.carvana.com/vehicle/3501836?refSource=srp,Gas,300,19,5,4039,200.8,82.7,57.8,120,RWD,sedan
https://www.carvana.com/vehicle/3409587?refSource=srp,Gas,145,28,5,2943,179.1,69.9,56.3,106.3,FWD,sedan
https://www.carvana.com/vehicle/3452431?refSource=srp,Gas,185,25,5,3355,191.1,73.4,58.1,110.4,FWD,sedan
https://www.carvana.com/vehicle/3469128?refSource=srp,Gas,145,28,5,2943,179.1,69.9,56.3,106.3,FWD,sedan
https://www.carvana.com/vehicle/3451466?refSource=srp,Gas,145,28,5,2943,179.1,69.9,56.3,106.3,FWD,sedan
https://www.carvana.com/vehicle/3409231?refSource=srp,Gas,153,27,5,2892,183.7,70.5,57.4,106.3,FWD,sedan
https://www.carvana.com/vehicle/3483549?refSource=srp,Gas,292,19,5,3940,198.4,82.7,57.8,120,RWD,sedan
https://www.carvana.com/vehicle/3497522?refSource=srp,Gas,203,28,5,3310,192.1,72.4,56.9,111.2,FWD,sedan
https://www.carvana.com/vehicle/3361236?refSource=srp,Gas,206,28,5,3395,192.7,72.4,56.9,111.2,FWD,sedan
https://www.carvana.com/vehicle/3496752?refSource=srp,Gas,185,27,5,3267,191.4,72.8,57.7,109.3,FWD,sedan
https://www.carvana.com/vehicle/3453656?refSource=srp,Gas,185,27,5,3358,191.4,72.8,57.7,109.3,FWD,sedan
https://www.carvana.com/vehicle/3374454?refSource=srp,Gas,145,25,5,2804,179.5,70.1,56.3,106.3,FWD,sedan
https://www.carvana.com/vehicle/3471622?refSource=srp,Gas,268,20,5,3572,197.6,72.8,58.5,111,FWD,sedan
https://www.carvana.com/vehicle/3432006?refSource=srp,Gas,240,21,5,3472,191.8,83.5,58.2,112.2,FWD,sedan
https://www.carvana.com/vehicle/3509642?refSource=srp,Gas,175,22,5,3427,191.7,83.5,58.2,112.2,FWD,sedan
https://www.carvana.com/vehicle/3440008?refSource=srp,Gas,177,23,5,3279,194.1,72.7,58.1,110.2,FWD,sedan
https://www.carvana.com/vehicle/3485676?refSource=srp,Gas,185,27,5,3367,192.5,72.8,57.7,109.3,FWD,sedan
https://www.carvana.com/vehicle/3390273?refSource=srp,Gas,120,33,5,2767,172.6,67.9,57.1,101.6,FWD,sedan
https://www.carvana.com/vehicle/3459248?refSource=srp,Gas,185,24,5,3362,191.1,73.2,57.7,110.4,FWD,sedan
https://www.carvana.com/vehicle/3519425?refSource=srp,Gas,132,29,5,2800,182.6,69.9,57.3,106.3,FWD,sedan
https://www.carvana.com/vehicle/3439346?refSource=srp,Hybrid,103,44,5,4052,192.7,73.9,58.2,108.3,FWD,sedan
https://www.carvana.com/vehicle/3486807?refSource=srp,Gas,241,21,5,3583,184.3,79.8,56.3,110.2,RWD,sedan
https://www.carvana.com/vehicle/3502378?refSource=srp,Gas,185,24,5,3466,191.1,73.4,58.1,110.4,FWD,sedan
https://www.carvana.com/vehicle/3529040?refSource=srp,Gas,163,27,5,3159,194.2,73,57.3,111.4,FWD,sedan
https://www.carvana.com/vehicle/3451529?refSource=srp,Gas,175,20,5,3816,191.7,83.5,58.1,112.2,AWD,sedan
https://www.carvana.com/vehicle/3499313?refSource=srp,Gas,272,19,5,3605,191.7,71.7,56.3,109.3,FWD,sedan
https://www.carvana.com/vehicle/3469151?refSource=srp,Gas,204,21,5,3461,183.7,79.8,56.3,110.2,RWD,sedan
https://www.carvana.com/vehicle/3486987?refSource=srp,Gas,192,29,5,3294,192.2,73.3,57.1,111.4,FWD,sedan
https://www.carvana.com/vehicle/3409125?refSource=srp,Gas,163,29,5,3159,194.2,73,57.3,111.4,FWD,sedan
https://www.carvana.com/vehicle/3417119?refSource=srp,Hybrid,104,49,5,3069,184.1,71.9,55.7,107.1,FWD,sedan
https://www.carvana.com/vehicle/3472578?refSource=srp,Gas,203,28,5,3241,192.1,72.4,56.9,111.2,FWD,sedan
https://www.carvana.com/vehicle/3475084?refSource=srp,Gas,178,25,5,3300,190.9,71.7,57.9,109.3,FWD,sedan
https://www.carvana.com/vehicle/3457697?refSource=srp,Gas,185,24,5,3230,191.1,73.2,57.7,110.4,FWD,sedan
https://www.carvana.com/vehicle/3479569?refSource=srp,Gas,311,16,5,4138,196.5,74.4,58.3,118.5,AWD,sedan
https://www.carvana.com/vehicle/3468241?refSource=srp,Gas,106,32,5,2385,171.7,66.7,58.5,101.2,FWD,sedan
https://www.carvana.com/vehicle/3433553?refSource=srp,Gas,163,29,5,3159,194.2,73,57.3,111.4,FWD,sedan
https://www.carvana.com/vehicle/3434590?refSource=srp,Gas,268,21,5,3461,195.2,72.2,57.5,111,FWD,sedan
https://www.carvana.com/vehicle/3480107?refSource=srp,Gas,178,21,5,3460,190.9,71.7,57.9,109.3,FWD,sedan
https://www.carvana.com/vehicle/3434493?refSource=srp,Gas,177,23,5,3300,194.1,72.7,58.1,110.2,FWD,sedan
https://www.carvana.com/vehicle/3509637?refSource=srp,Gas,268,21,5,3549,192.7,71.7,57.1,111,FWD,sedan
https://www.carvana.com/vehicle/3498989?refSource=srp,Hybrid,149,42,5,3519,180.4,71.2,56.4,106.1,FWD,sedan
https://www.carvana.com/vehicle/3475298?refSource=srp,Gas,185,24,5,3362,191.1,73.2,57.7,110.4,FWD,sedan
https://www.carvana.com/vehicle/3461285?refSource=srp,Gas,268,21,5,3538,195.3,82.5,57.5,111,FWD,sedan
https://www.carvana.com/vehicle/3432102?refSource=srp,Gas,178,24,5,3245,190.9,71.7,57.9,109.3,FWD,sedan
https://www.carvana.com/vehicle/3356814?refSource=srp,Gas,268,21,5,3549,192.7,71.7,57.1,111,FWD,sedan
https://www.carvana.com/vehicle/3451802?refSource=srp,Gas,163,27,5,3159,194.2,73,57.3,111.4,FWD,sedan
https://www.carvana.com/vehicle/3500618?refSource=srp,Gas,147,28,5,2908,182.7,70.9,56.5,106.3,FWD,sedan
https://www.carvana.com/vehicle/3514822?refSource=srp,Hybrid,156,40,5,3435,189.2,71.7,57.9,109.3,FWD,sedan
https://www.carvana.com/vehicle/3427483?refSource=srp,Gas,203,28,5,3340,192.7,72.4,56.9,111.2,FWD,sedan
https://www.carvana.com/vehicle/3483495?refSource=srp,Gas,311,16,5,4138,196.5,74.4,58.3,118.5,AWD,sedan
https://www.carvana.com/vehicle/3372378?refSource=srp,Gas,268,21,5,3461,195.2,72.2,57.5,111,FWD,sedan
https://www.carvana.com/vehicle/3492719?refSource=srp,Gas,153,29,5,2870,183.7,70.5,57.4,106.3,FWD,sedan
https://www.carvana.com/vehicle/3473707?refSource=srp,Gas,203,28,5,3310,192.1,72.4,56.9,111.2,FWD,sedan
https://www.carvana.com/vehicle/3477819?refSource=srp,Gas,163,27,5,3159,194.2,73,57.3,111.4,FWD,sedan
https://www.carvana.com/vehicle/3454442?refSource=srp,Gas,268,21,5,3549,192.7,71.7,57.1,111,FWD,sedan
https://www.carvana.com/vehicle/3513631?refSource=srp,Gas,241,22,5,3583,183.7,79.8,56.3,110.2,RWD,sedan
https://www.carvana.com/vehicle/3480581?refSource=srp,Gas,306,19,5,3726,190.7,72.4,57.3,112.2,RWD,sedan
https://www.carvana.com/vehicle/3519000?refSource=srp,Hybrid,110,44,5,2875,179.4,69,56.3,105.1,FWD,sedan
https://www.carvana.com/vehicle/3499383?refSource=srp,Gas,158,31,5,2935,184,70.9,55.7,107.7,FWD,sedan
https://www.carvana.com/vehicle/3521860?refSource=srp,Gas,250,19,5,4602,231.9,96.8,75.6,145,RWD,truck
https://www.carvana.com/vehicle/3419427?refSource=srp,Gas,181,20,5,4028,212.7,83.9,70.7,128.3,RWD,truck
https://www.carvana.com/vehicle/3511707?refSource=srp,Gas,355,15,6,5150,241.2,81.2,78.2,147.4,4WD,truck
https://www.carvana.com/vehicle/3370292?refSource=srp,Gas,305,16,6,4873,229,79.4,77.2,140.5,RWD,truck
https://www.carvana.com/vehicle/3494131?refSource=srp,Gas,395,19,5,4891,228.9,82.1,77.6,140.5,RWD,truck
https://www.carvana.com/vehicle/3512992?refSource=srp,Gas,260,19,6,4785,228.9,82.1,77.6,140.5,2WD,truck
https://www.carvana.com/vehicle/3497365?refSource=srp,Gas,305,16,6,5095,229,79.4,77.7,140.5,4WD,truck
https://www.carvana.com/vehicle/3511221?refSource=srp,Gas,308,17,4,4168,212.7,83.9,70.3,128.3,4WD,truck
https://www.carvana.com/vehicle/3516918?refSource=srp,Gas,250,18,6,4602,231.9,96.8,75.6,145,RWD,truck
https://www.carvana.com/vehicle/3432244?refSource=srp,Gas,270,20,5,4354,210.8,85.8,70.1,126.8,RWD,truck
https://www.carvana.com/vehicle/3514181?refSource=srp,Gas,250,19,5,4602,231.9,96.8,75.6,145,RWD,truck
https://www.carvana.com/vehicle/3513418?refSource=srp,Gas,355,17,6,4772,241.2,81.2,75.4,147.4,RWD,truck
https://www.carvana.com/vehicle/3511892?refSource=srp,Gas,250,17,5,4606,231.9,96.8,75.6,157,RWD,truck
https://www.carvana.com/vehicle/3486793?refSource=srp,Flexible Fuel,282,15,6,4623,243.7,96.8,75.7,145,RWD,truck
https://www.carvana.com/vehicle/3514202?refSource=srp,Gas,260,15,5,5197,232.9,82.1,77.6,144.6,4WD,truck
https://www.carvana.com/vehicle/3470950?refSource=srp,Hybrid,325,18,6,4912,231.7,95.7,77.2,157.2,4WD,truck
https://www.carvana.com/vehicle/3402042?refSource=srp,Gas,260,15,5,5248,241.8,82.1,77.5,153.5,4WD,truck
https://www.carvana.com/vehicle/3418311?refSource=srp,Gas,285,14,6,5155,241.2,81.2,78.2,147.4,4WD,truck
https://www.carvana.com/vehicle/3470978?refSource=srp,Gas,285,17,5,4720,218,73.8,75,137.3,4WD,truck
https://www.carvana.com/vehicle/3518900?refSource=srp,Gas,250,19,5,4495,231.9,96.8,75.5,145,RWD,truck
https://www.carvana.com/vehicle/3432164?refSource=srp,Gas,389,17,6,5390,233.6,80.2,78,145.7,4WD,truck
https://www.carvana.com/vehicle/3514411?refSource=srp,Gas,285,16,6,5231,230,80,73.9,143.5,4WD,truck
https://www.carvana.com/vehicle/3409333?refSource=srp,Gas,277,19,5,4920,231.7,81.2,75.5,147.4,4WD,truck
https://www.carvana.com/vehicle/3509054?refSource=srp,Gas,270,21,5,4354,210.8,85.8,70.1,126.8,RWD,truck
https://www.carvana.com/vehicle/3404229?refSource=srp,Flexible Fuel,250,16,6,4867,231.9,96.8,77.2,145,4WD,truck
https://www.carvana.com/vehicle/3412832?refSource=srp,Flexible Fuel,305,16,6,5101,229,79.4,77.7,140.5,4WD,truck
https://www.carvana.com/vehicle/3494436?refSource=srp,Gas,355,15,5,5105,231.7,81.2,78.4,147.4,4WD,truck
https://www.carvana.com/vehicle/3427589?refSource=srp,Flexible Fuel,250,15,6,4867,231.9,96.8,77.2,145,4WD,truck
https://www.carvana.com/vehicle/3521167?refSource=srp,Flexible Fuel,240,16,3,4910,231,79.4,74.6,140.5,RWD,truck
https://www.carvana.com/vehicle/3424441?refSource=srp,Flexible Fuel,250,16,5,4867,231.9,96.8,77.2,145,4WD,truck
https://www.carvana.com/vehicle/3484219?refSource=srp,Gas,308,17,5,4290,224.9,83.9,70.6,128.3,RWD,truck
https://www.carvana.com/vehicle/3406607?refSource=srp,Flexible Fuel,250,15,6,4867,231.9,96.8,77.2,145,4WD,truck
https://www.carvana.com/vehicle/3503190?refSource=srp,Gas,305,15,6,4903,232.9,82.1,77.5,144.6,RWD,truck
https://www.carvana.com/vehicle/3498200?refSource=srp,Flexible Fuel,285,17,6,5232,230,80,73.9,143.5,4WD,truck
https://www.carvana.com/vehicle/3489606?refSource=srp,Gas,159,20,5,4040,212.3,74.4,70.6,127.4,RWD,truck
https://www.carvana.com/vehicle/3394432?refSource=srp,Gas,250,18,6,4529,231.9,96.8,75.6,145,RWD,truck
https://www.carvana.com/vehicle/3500106?refSource=srp,Gas,310,16,6,4940,231.7,81.2,75.6,147.4,4WD,truck
https://www.carvana.com/vehicle/3490765?refSource=srp,Gas,305,15,6,5101,229,79.4,77.7,140.5,4WD,truck
https://www.carvana.com/vehicle/3486874?refSource=srp,Gas,181,17,5,4295,224.9,83.9,70.6,128.3,RWD,truck
https://www.carvana.com/vehicle/3411835?refSource=srp,Gas,282,17,6,4895,243.7,96.8,77.3,145,4WD,truck
https://www.carvana.com/vehicle/3413802?refSource=srp,Gas,270,21,5,4354,210.8,85.8,70.1,126.8,RWD,truck
https://www.carvana.com/vehicle/3519512?refSource=srp,Gas,162,42,5,3674,199.7,83.5,68.7,121.1,FWD,truck
https://www.carvana.com/vehicle/3451854?refSource=srp,Gas,250,16,6,4805,231.9,96.8,77.2,145,4WD,truck
https://www.carvana.com/vehicle/3520684?refSource=srp,Gas,401,36,6,6950,266,81.9,79.7,158.9,4WD,truck
https://www.carvana.com/vehicle/3511825?refSource=srp,Gas,381,13,6,5640,228.9,79.9,76.2,145.7,4WD,truck
https://www.carvana.com/vehicle/3477326?refSource=srp,Gas,282,18,6,4782,231.9,96.8,77.2,145,4WD,truck
https://www.carvana.com/vehicle/3425036?refSource=srp,Gas,260,17,6,5248,241.8,82.1,77.5,153.5,4WD,truck
https://www.carvana.com/vehicle/3490412?refSource=srp,Gas,285,17,5,5050,218,73.8,76.1,137.3,4WD,truck
https://www.carvana.com/vehicle/3319074?refSource=srp,Gas,285,17,5,5050,218,73.8,76.1,137.3,4WD,truck
https://www.carvana.com/vehicle/3408153?refSource=srp,Gas,310,13,5,5250,228.7,79.9,75.6,145.7,RWD,truck
https://www.carvana.com/vehicle/3517084?refSource=srp,Gas,181,16,5,4758,212.7,83.9,72.2,128.5,4WD,truck
https://www.carvana.com/vehicle/3531031?refSource=srp,Gas,305,15,6,4905,229,79.4,77.7,140.5,4WD,truck
https://www.carvana.com/vehicle/3392694?refSource=srp,Flexible Fuel,250,16,5,4867,231.9,96.8,77.2,145,4WD,truck
https://www.carvana.com/vehicle/3472619?refSource=srp,Gas,305,15,5,4903,232.9,82.1,77.5,144.6,RWD,truck
https://www.carvana.com/vehicle/3514022?refSource=srp,Flexible Fuel,325,15,5,4930,243.7,96.8,76.9,145,4WD,truck
https://www.carvana.com/vehicle/3517292?refSource=srp,Gas,278,19,5,4180,212.3,75.2,70.6,127.4,RWD,truck
https://www.carvana.com/vehicle/3515161?refSource=srp,Flexible Fuel,285,17,6,4860,230,80,73.8,143.5,RWD,truck
https://www.carvana.com/vehicle/3481166?refSource=srp,Gas,310,17,6,4710,231.7,81.2,75.5,147.4,RWD,truck
https://www.carvana.com/vehicle/3495381?refSource=srp,Gas,305,15,5,5232,232.9,82.1,77.6,144.6,4WD,truck
https://www.carvana.com/vehicle/3463216?refSource=srp,Gas,395,15,6,5171,229,79.4,78.5,140.5,4WD,truck
https://www.carvana.com/vehicle/3485114?refSource=srp,Flexible Fuel,305,16,6,4877,229,79.4,77.2,140.5,RWD,truck
https://www.carvana.com/vehicle/3518566?refSource=srp,Gas,401,36,6,6950,266,81.9,79.7,158.9,4WD,truck
https://www.carvana.com/vehicle/3421785?refSource=srp,Gas,250,17,6,4867,231.9,96.8,77.2,145,4WD,truck
https://www.carvana.com/vehicle/3448688?refSource=srp,Gas,290,18,5,4747,231.7,95.7,77.2,145.4,4WD,truck
https://www.carvana.com/vehicle/3516796?refSource=srp,Gas,277,17,6,4920,231.7,81.2,75.5,147.4,4WD,truck
https://www.carvana.com/vehicle/3498446?refSource=srp,Gas,277,15,5,4800,231.7,81.2,75.5,147.4,RWD,truck
https://www.carvana.com/vehicle/3455973?refSource=srp,Gas,410,31,6,7040,248.4,79.1,78.3,160,4WD,truck
https://www.carvana.com/vehicle/3492662?refSource=srp,Gas,401,36,6,6633,266.1,81.9,79.7,158.9,RWD,truck
https://www.carvana.com/vehicle/3427325?refSource=srp,Gas,260,15,5,5232,232.9,82.1,77.6,144.6,4WD,truck
https://www.carvana.com/vehicle/3448303?refSource=srp,Flexible Fuel,325,20,6,4529,231.9,96.8,75.6,145,RWD,truck
https://www.carvana.com/vehicle/3459278?refSource=srp,Gas,250,19,6,4755,231.7,95.7,77.2,145.4,4WD,truck
https://www.carvana.com/vehicle/3502471?refSource=srp,Gas,325,20,6,4602,231.9,96.8,75.6,145,RWD,truck
https://www.carvana.com/vehicle/3520173?refSource=srp,Gas,250,19,6,4602,231.9,96.8,75.6,145,RWD,truck
https://www.carvana.com/vehicle/3478935?refSource=srp,Flexible Fuel,381,13,5,5380,228.9,79.9,75.8,145.7,RWD,truck
https://www.carvana.com/vehicle/3481105?refSource=srp,Gas,250,17,5,4867,231.9,96.8,77.2,145,4WD,truck
https://www.carvana.com/vehicle/3521083?refSource=srp,Gas,250,19,5,4584,231.7,95.7,75.6,145.4,4WD,truck
https://www.carvana.com/vehicle/3503034?refSource=srp,Gas,181,16,5,4758,212.7,83.9,72.2,128.5,4WD,truck
https://www.carvana.com/vehicle/3424804?refSource=srp,Gas,285,15,6,5150,241.2,81.2,78.2,147.4,4WD,truck
https://www.carvana.com/vehicle/3410252?refSource=srp,Gas,260,15,6,5001,228.9,82.1,77.7,140.5,4WD,truck
https://www.carvana.com/vehicle/3514867?refSource=srp,Gas,181,20,5,4010,212.7,83.9,70.7,128.3,RWD,truck
https://www.carvana.com/vehicle/3459986?refSource=srp,Gas,250,19,6,4805,231.9,96.8,77.2,145,4WD,truck
https://www.carvana.com/vehicle/3512566?refSource=srp,Flexible Fuel,305,16,6,5098,229,79.4,77.7,140.5,4WD,truck
https://www.carvana.com/vehicle/3445498?refSource=srp,Gas,278,18,5,4425,212.3,74.4,70.6,127.4,4WD,truck
https://www.carvana.com/vehicle/3465186?refSource=srp,Gas,159,17,5,3985,208.1,74.6,70.1,127.4,RWD,truck
https://www.carvana.com/vehicle/3409333?refSource=srp,Gas,277,19,5,4920,231.7,81.2,75.5,147.4,4WD,truck
https://www.carvana.com/vehicle/3515172?refSource=srp,Gas,325,17,6,4805,231.9,96.8,77.2,163.7,4WD,truck
https://www.carvana.com/vehicle/3426386?refSource=srp,Flexible Fuel,250,18,6,4769,231.9,96.8,77.2,145,4WD,truck
https://www.carvana.com/vehicle/3427589?refSource=srp,Flexible Fuel,250,15,6,4867,231.9,96.8,77.2,145,4WD,truck
https://www.carvana.com/vehicle/3444503?refSource=srp,Flexible Fuel,305,16,6,5060,229,79.4,77.7,140.5,4WD,truck
https://www.carvana.com/vehicle/3460218?refSource=srp,Flexible Fuel,305,17,6,4980,229,79.4,76.9,140.5,RWD,truck
https://www.carvana.com/vehicle/3500267?refSource=srp,Gas,285,15,6,4965,241.2,81.2,75.4,147.4,4WD,truck
https://www.carvana.com/vehicle/3499179?refSource=srp,Gas,395,15,6,5167,229,79.4,77.5,140.5,4WD,truck
https://www.carvana.com/vehicle/3477427?refSource=srp,Gas,305,15,5,5232,232.9,82.1,77.6,144.6,4WD,truck
https://www.carvana.com/vehicle/3485928?refSource=srp,Gas,270,20,4,4145,210.8,85.8,70.7,126.8,RWD,truck
